Bulgarian,Onion,corn
null
null
pepper,corn,Mushrooms
eggplant,Onion,Tomato
pepper,eggplant
null
Tomato,Onion,Olives
Tomato,pepper
corn
null
corn,Mushrooms
Onion,Olives,Tomato
null
eggplant,Tomato,Bulgarian
null
Bulgarian,eggplant
corn,pepper,eggplant
Tomato
Tomato,Bulgarian,pepper
null
null
Tomato
null
Olives,Bulgarian
pepper
null
Onion,Olives
null
Bulgarian
corn,Mushrooms,Olives
Tomato,Onion,Olives
corn,Mushrooms,Onion
Tomato,Onion,corn
Tomato,pepper,corn,Mushrooms
corn
Olives,corn,Mushrooms
Tomato
corn,Mushrooms
null
Onion
Onion,Olives
Olives
eggplant,Onion,Olives
null
corn,Mushrooms
null
Tomato,pepper
null
Onion
Mushrooms,Onion,Tomato
pepper,eggplant
Onion,Mushrooms,pepper,eggplant
null
pepper,Onion,Olives
null
corn
Bulgarian,Onion,corn
Tomato,Bulgarian,Onion
null
Onion,Olives,pepper,eggplant
null
corn,pepper,eggplant
eggplant,Onion,Olives
null
Olives
null
Tomato,Bulgarian
pepper,Tomato,Bulgarian
Tomato,Bulgarian
pepper,Onion,Olives
Onion,Olives,eggplant
pepper
Onion
pepper
corn,Mushrooms
corn,Tomato
null
Tomato,eggplant,corn
corn
Onion,corn,Mushrooms
Tomato,corn,Mushrooms
Onion,Tomato,Mushrooms
null
null
corn,Mushrooms
corn
null
Onion,Bulgarian,Tomato
Tomato,Bulgarian
Tomato,Bulgarian
Mushrooms,Tomato,Onion
null
pepper,eggplant
null
Onion,Olives
Mushrooms,pepper
pepper,eggplant,corn
pepper,Tomato,Bulgarian
Tomato,Bulgarian
null
Olives,Bulgarian
corn,Mushrooms,pepper
eggplant
corn
corn,Onion,Olives
null
Tomato,Onion,Olives
Tomato
corn,Mushrooms
corn,Mushrooms,Bulgarian
null
eggplant,Tomato,corn
null
eggplant,pepper
corn
eggplant,Tomato,Bulgarian
null
null
pepper,eggplant,corn
eggplant
Mushrooms,Bulgarian
Onion,Olives
Tomato,pepper,Onion,Olives
corn,Mushrooms,pepper
Olives,Onion,corn
pepper
corn,Mushrooms
Mushrooms,corn,eggplant
Onion,pepper,Olives
null
corn,Mushrooms
null
Onion
Tomato,Mushrooms
Onion,Olives
null
pepper,eggplant,corn,Mushrooms
corn,Mushrooms
Mushrooms,corn
corn,eggplant
corn,pepper,eggplant
eggplant,Onion
pepper,eggplant
null
eggplant,Onion,Olives
pepper,corn,eggplant
null
Tomato,Bulgarian
Bulgarian,Mushrooms,corn
Onion,Olives,pepper
Onion,Tomato,Bulgarian
pepper,eggplant
pepper,eggplant,Olives
null
Mushrooms
corn,Onion,Bulgarian
Bulgarian,corn
null
null
null
null
corn
Onion,Bulgarian,corn
corn,Onion,Olives
null
corn,Mushrooms
null
Tomato
null
Bulgarian,Mushrooms
corn,Mushrooms,Onion
pepper,eggplant
Onion,Olives,Tomato,Bulgarian
Bulgarian,Mushrooms
null
Tomato
pepper
Onion,pepper,corn
Onion,Olives
corn
null
eggplant,Tomato
null
Onion
Tomato,corn
Tomato,Onion
pepper
null
Olives,Tomato
null
null
Olives,Tomato,corn
corn,Mushrooms
null
null
null
Bulgarian,corn,Mushrooms
pepper,Mushrooms,Tomato
Onion,Olives
pepper,eggplant,Tomato,Bulgarian
corn,Mushrooms,pepper
null
null
pepper,Tomato
Onion,Bulgarian
pepper,eggplant
null
pepper,eggplant,corn,Mushrooms
Tomato,Olives
Onion,Mushrooms
Onion,Olives
null
Tomato,Onion,corn,Mushrooms
null
pepper
pepper,eggplant
corn,Mushrooms
pepper,Tomato,Bulgarian
pepper
corn
Onion,pepper,eggplant
Onion,corn,Mushrooms
null
Mushrooms,eggplant
null
Mushrooms
Onion,Olives,eggplant
pepper,Onion,Tomato,Bulgarian
pepper
Onion,Olives
Onion,Tomato
Tomato
Onion,Tomato
Onion,Mushrooms
null
null
pepper,Olives,Onion
null
null
pepper
null
null
null
Tomato
pepper
Onion,Tomato,Bulgarian
Tomato,Bulgarian,Onion
Mushrooms,pepper,eggplant
Olives,eggplant,corn
null
Bulgarian
Onion,Olives,pepper
Onion,Olives
Onion
Bulgarian
Tomato,pepper,eggplant
Olives
Onion,Tomato
Onion,Tomato
Onion,Olives
null
corn,Mushrooms,Bulgarian
Tomato,Onion
pepper,Tomato
Mushrooms,corn
Onion,Tomato,Bulgarian
Mushrooms
null
corn,Mushrooms
corn,Mushrooms,pepper
Onion,Olives
pepper
null
Tomato,Bulgarian
Mushrooms
null
pepper
pepper,Bulgarian,Tomato
null
Mushrooms,Onion
corn,eggplant,Tomato
corn,Mushrooms
pepper,Onion,Olives
corn,Tomato,Bulgarian
Olives,corn,Mushrooms
null
pepper,eggplant,Tomato
pepper,eggplant
Mushrooms,Bulgarian
pepper,Onion
null
pepper,eggplant,Mushrooms
corn,pepper,Tomato
corn,Mushrooms
corn,Onion,Olives
Bulgarian,Mushrooms
null
pepper,Bulgarian,corn
null
corn,Mushrooms
Tomato,Bulgarian
null
null
null
null
null
Tomato
pepper,Onion,Olives
corn,Tomato
Tomato,pepper
Tomato,Bulgarian
pepper,Tomato,Onion
corn,pepper,Olives
pepper,Onion
null
Onion,Olives
corn,Mushrooms
null
corn
Bulgarian
corn,Mushrooms,pepper,eggplant
Tomato,Bulgarian
Onion,Tomato,Bulgarian
corn,pepper,eggplant
null
corn
pepper,eggplant
Olives,corn,Mushrooms
eggplant
pepper,Mushrooms
Tomato,pepper
null
pepper,eggplant
Mushrooms,Tomato,corn
Tomato,pepper,eggplant
pepper
Onion,pepper,corn,Mushrooms
Olives,corn,pepper
null
eggplant,Tomato,Bulgarian
pepper,eggplant
null
Tomato,pepper,Mushrooms
Olives,Tomato,Bulgarian
Mushrooms,corn,Tomato
null
corn,Onion,Tomato,Bulgarian
Olives,Tomato
Bulgarian,Tomato,Onion
Onion,Olives
pepper,eggplant,Tomato
corn,Tomato,Bulgarian
pepper,eggplant,Tomato,Bulgarian
Mushrooms,corn,Onion
pepper,eggplant,Olives
Onion,Olives
Mushrooms
corn,Mushrooms,Onion,Olives
Onion,pepper,Bulgarian
Bulgarian,Tomato
Onion,Olives
pepper,eggplant,Onion
corn,Olives,Tomato
null
null
corn,Olives
null
corn
null
Mushrooms,Onion
corn,Mushrooms
null
pepper
Olives,Tomato,corn
null
null
Tomato,Bulgarian,Onion
pepper
null
Tomato,Onion
Onion,Mushrooms,corn
corn,Tomato,Olives
null
Tomato,Bulgarian,corn,Mushrooms
null
null
Tomato,Bulgarian
null
Tomato,Mushrooms,Bulgarian
Tomato,Bulgarian
Tomato,Bulgarian,pepper,eggplant
null
Tomato,Onion
Onion,corn,pepper
null
pepper,eggplant,Onion
Olives,pepper
corn,eggplant,Mushrooms
Onion
Onion,Tomato,corn,Mushrooms
Tomato,corn
null
corn,Mushrooms
pepper
pepper,Onion,Olives
null
null
Tomato,pepper,corn,Mushrooms
Bulgarian,Mushrooms
Onion,eggplant,Olives
Bulgarian
Tomato,Bulgarian
pepper,Bulgarian
null
null
pepper,eggplant
null
Tomato,pepper,corn
Onion,Olives
null
